TOPPERS_SUPPORT_OVRHDR,#defined(TOPPERS_SUPPORT_OVRHDR)
TOPPERS_SUPPORT_PROTECT,#defined(TOPPERS_SUPPORT_PROTECT)
TOPPERS_SUPPORT_ATT_MOD,#defined(TOPPERS_SUPPORT_ATT_MOD)
TOPPERS_SUPPORT_ATT_PMA,#defined(TOPPERS_SUPPORT_ATT_PMA)
SIL_ENDIAN_BIG,#defined(SIL_ENDIAN_BIG)
SIL_ENDIAN_LITTLE,#defined(SIL_ENDIAN_LITTLE)
TA_NULL,TA_NULL
TA_ACT,TA_ACT
TA_TPRI,TA_TPRI
TA_WMUL,TA_WMUL
TA_CLR,TA_CLR
TA_CEILING,TA_CEILING
TA_STA,TA_STA
TA_NOWRITE,TA_NOWRITE
TA_NOREAD,TA_NOREAD
TA_EXEC,TA_EXEC
TA_MEMINI,TA_MEMINI
TA_MEMPRSV,TA_MEMPRSV
TA_SDATA,TA_SDATA
TA_UNCACHE,TA_UNCACHE
TA_IODEV,TA_IODEV
TA_NONKERNEL,TA_NONKERNEL
TA_ENAINT,TA_ENAINT
TA_EDGE,TA_EDGE
TDOM_KERNEL,TDOM_KERNEL
TDOM_NONE,TDOM_NONE
TACP_KERNEL,TACP_KERNEL
TACP_SHARED,TACP_SHARED
TMIN_TPRI,TMIN_TPRI,signed
TMAX_TPRI,TMAX_TPRI,signed
TMIN_DPRI,TMIN_DPRI,signed
TMAX_DPRI,TMAX_DPRI,signed
TMIN_ISRPRI,TMIN_ISRPRI,signed
TMAX_ISRPRI,TMAX_ISRPRI,signed
TBIT_TEXPTN,TBIT_TEXPTN
TBIT_FLGPTN,TBIT_FLGPTN
TMAX_MAXSEM,TMAX_MAXSEM
TMAX_RELTIM,TMAX_RELTIM
TMIN_INTPRI,TMIN_INTPRI,signed
TOPPERS_ATTSEC,TOPPERS_ATTSEC
TOPPERS_ATTMEM,TOPPERS_ATTMEM
TOPPERS_USTACK,TOPPERS_USTACK
OMIT_STANDARD_MEMINIB,#defined(OMIT_STANDARD_MEMINIB)
OMIT_INITIALIZE_INTERRUPT,#defined(OMIT_INITIALIZE_INTERRUPT)
OMIT_INITIALIZE_EXCEPTION,#defined(OMIT_INITIALIZE_EXCEPTION)
OMIT_IDATA,#defined(OMIT_IDATA)
OMIT_CHECK_USTACK_OVERLAP,#defined(OMIT_CHECK_USTACK_OVERLAP)
OMIT_STANDARD_DATASECINIB,#defined(OMIT_STANDARD_DATASECINIB)
OMIT_STANDARD_BSSSECINIB,#defined(OMIT_STANDARD_BSSSECINIB)
USE_CFG_PASS3,#defined(USE_CFG_PASS3)
USE_LATERPASS_DOMINIB,#defined(USE_LATERPASS_DOMINIB)
USE_DOMINICTXB,#defined(USE_DOMINICTXB)
USE_TSKINICTXB,#defined(USE_TSKINICTXB)
USE_REDZONE,#defined(USE_REDZONE)
TARGET_TSKATR,#defined(TARGET_TSKATR),,TARGET_TSKATR
TARGET_REGATR,#defined(TARGET_REGATR),,TARGET_REGATR
TARGET_MEMATR,#defined(TARGET_MEMATR),,TARGET_MEMATR
TARGET_INTATR,#defined(TARGET_INTATR),,TARGET_INTATR
TARGET_INHATR,#defined(TARGET_INHATR),,TARGET_INHATR
TARGET_ISRATR,#defined(TARGET_ISRATR),,TARGET_ISRATR
TARGET_EXCATR,#defined(TARGET_EXCATR),,TARGET_EXCATR
TARGET_SVCATR,#defined(TARGET_SVCATR),,TARGET_SVCATR
TARGET_MIN_SSTKSZ,#defined(TARGET_MIN_SSTKSZ),,TARGET_MIN_SSTKSZ
TARGET_MIN_USTKSZ,#defined(TARGET_MIN_USTKSZ),,TARGET_MIN_USTKSZ
TARGET_MIN_ISTKSZ,#defined(TARGET_MIN_ISTKSZ),,TARGET_MIN_ISTKSZ
TARGET_DUMMY_STKSZ,#defined(TARGET_DUMMY_STKSZ),,TARGET_DUMMY_STKSZ
CHECK_STKSZ_ALIGN,#defined(CHECK_STKSZ_ALIGN),,CHECK_STKSZ_ALIGN
CHECK_USTKSZ_ALIGN,#defined(CHECK_USTKSZ_ALIGN),,CHECK_USTKSZ_ALIGN
CHECK_FUNC_ALIGN,#defined(CHECK_FUNC_ALIGN),,CHECK_FUNC_ALIGN
CHECK_FUNC_NONNULL,#defined(CHECK_FUNC_NONNULL)
CHECK_STACK_ALIGN,#defined(CHECK_STACK_ALIGN),,CHECK_STACK_ALIGN
CHECK_STACK_NONNULL,#defined(CHECK_STACK_NONNULL)
CHECK_USTACK_ALIGN,#defined(CHECK_USTACK_ALIGN),,CHECK_USTACK_ALIGN
CHECK_USTACK_NONNULL,#defined(CHECK_USTACK_NONNULL)
CHECK_MPF_ALIGN,#defined(CHECK_MPF_ALIGN),,CHECK_MPF_ALIGN
CHECK_MPF_NONNULL,#defined(CHECK_MPF_NONNULL)
TOPPERS_LABEL_ASM,#defined(TOPPERS_LABEL_ASM)
sizeof_ID,sizeof(ID)
sizeof_uint_t,sizeof(uint_t)
sizeof_SIZE,sizeof(SIZE)
sizeof_ATR,sizeof(ATR)
sizeof_PRI,sizeof(PRI)
sizeof_void_ptr,sizeof(void*)
sizeof_VP,sizeof(void*)
sizeof_intptr_t,sizeof(intptr_t)
sizeof_FP,sizeof(FP)
sizeof_ACPTN,sizeof(ACPTN)
sizeof_ACVCT,sizeof(ACVCT)
offsetof_ACVCT_acptn1,"offsetof(ACVCT,acptn1)"
offsetof_ACVCT_acptn2,"offsetof(ACVCT,acptn2)"
offsetof_ACVCT_acptn3,"offsetof(ACVCT,acptn3)"
offsetof_ACVCT_acptn4,"offsetof(ACVCT,acptn4)"
sizeof_INHNO,sizeof(INHNO)
sizeof_INTNO,sizeof(INTNO)
sizeof_EXCNO,sizeof(EXCNO)
sizeof_DOMINIB,sizeof(DOMINIB)
offsetof_DOMINIB_domptn,"offsetof(DOMINIB,domptn)"
sizeof_MEMINIB,sizeof(MEMINIB)
offsetof_MEMINIB_mematr,#!defined(OMIT_STANDARD_MEMINIB),,"offsetof(MEMINIB,mematr)"
offsetof_MEMINIB_acptn4,#!defined(OMIT_STANDARD_MEMINIB),,"offsetof(MEMINIB,acptn4)"
offsetof_MEMINIB_acptn1,#!defined(OMIT_STANDARD_MEMINIB),,"offsetof(MEMINIB,acptn1)"
offsetof_MEMINIB_acptn2,#!defined(OMIT_STANDARD_MEMINIB),,"offsetof(MEMINIB,acptn2)"
sizeof_TINIB,sizeof(TINIB)
offsetof_TINIB_p_dominib,"offsetof(TINIB,p_dominib)"
offsetof_TINIB_tskatr,"offsetof(TINIB,tskatr)"
offsetof_TINIB_exinf,"offsetof(TINIB,exinf)"
offsetof_TINIB_task,"offsetof(TINIB,task)"
offsetof_TINIB_ipriority,"offsetof(TINIB,ipriority)"
offsetof_TINIB_sstksz,#!defined(USE_TSKINICTXB),,"offsetof(TINIB,sstksz)"
offsetof_TINIB_sstk,#!defined(USE_TSKINICTXB),,"offsetof(TINIB,sstk)"
offsetof_TINIB_ustksz,#!defined(USE_TSKINICTXB),,"offsetof(TINIB,ustksz)"
offsetof_TINIB_ustk,#!defined(USE_TSKINICTXB),,"offsetof(TINIB,ustk)"
offsetof_TINIB_texatr,"offsetof(TINIB,texatr)"
offsetof_TINIB_texrtn,"offsetof(TINIB,texrtn)"
sizeof_SEMINIB,sizeof(SEMINIB)
offsetof_SEMINIB_sematr,"offsetof(SEMINIB,sematr)"
offsetof_SEMINIB_isemcnt,"offsetof(SEMINIB,isemcnt)"
offsetof_SEMINIB_maxsem,"offsetof(SEMINIB,maxsem)"
sizeof_FLGPTN,sizeof(FLGPTN)
sizeof_FLGINIB,sizeof(FLGINIB)
offsetof_FLGINIB_flgatr,"offsetof(FLGINIB,flgatr)"
offsetof_FLGINIB_iflgptn,"offsetof(FLGINIB,iflgptn)"
sizeof_DTQINIB,sizeof(DTQINIB)
offsetof_DTQINIB_dtqatr,"offsetof(DTQINIB,dtqatr)"
offsetof_DTQINIB_dtqcnt,"offsetof(DTQINIB,dtqcnt)"
offsetof_DTQINIB_p_dtqmb,"offsetof(DTQINIB,p_dtqmb)"
sizeof_PDQINIB,sizeof(PDQINIB)
offsetof_PDQINIB_pdqatr,"offsetof(PDQINIB,pdqatr)"
offsetof_PDQINIB_pdqcnt,"offsetof(PDQINIB,pdqcnt)"
offsetof_PDQINIB_maxdpri,"offsetof(PDQINIB,maxdpri)"
offsetof_PDQINIB_p_pdqmb,"offsetof(PDQINIB,p_pdqmb)"
sizeof_MTXINIB,sizeof(MTXINIB)
offsetof_MTXINIB_mtxatr,"offsetof(MTXINIB,mtxatr)"
offsetof_MTXINIB_ceilpri,"offsetof(MTXINIB,ceilpri)"
sizeof_MBFINIB,sizeof(MBFINIB)
offsetof_MBFINIB_mbfatr,"offsetof(MBFINIB,mbfatr)"
offsetof_MBFINIB_maxmsz,"offsetof(MBFINIB,maxmsz)"
offsetof_MBFINIB_mbfsz,"offsetof(MBFINIB,mbfsz)"
offsetof_MBFINIB_mbfmb,"offsetof(MBFINIB,mbfmb)"
sizeof_MPFINIB,sizeof(MPFINIB)
offsetof_MPFINIB_mpfatr,"offsetof(MPFINIB,mpfatr)"
offsetof_MPFINIB_blkcnt,"offsetof(MPFINIB,blkcnt)"
offsetof_MPFINIB_blksz,"offsetof(MPFINIB,blksz)"
offsetof_MPFINIB_mpf,"offsetof(MPFINIB,mpf)"
offsetof_MPFINIB_p_mpfmb,"offsetof(MPFINIB,p_mpfmb)"
sizeof_CYCINIB,sizeof(CYCINIB)
offsetof_CYCINIB_cycatr,"offsetof(CYCINIB,cycatr)"
offsetof_CYCINIB_exinf,"offsetof(CYCINIB,exinf)"
offsetof_CYCINIB_cychdr,"offsetof(CYCINIB,cychdr)"
offsetof_CYCINIB_cyctim,"offsetof(CYCINIB,cyctim)"
offsetof_CYCINIB_cycphs,"offsetof(CYCINIB,cycphs)"
sizeof_ALMINIB,sizeof(ALMINIB)
offsetof_ALMINIB_almatr,"offsetof(ALMINIB,almatr)"
offsetof_ALMINIB_exinf,"offsetof(ALMINIB,exinf)"
offsetof_ALMINIB_almhdr,"offsetof(ALMINIB,almhdr)"
sizeof_OVRINIB,#defined(TOPPERS_SUPPORT_OVRHDR),,sizeof(OVRINIB)
offsetof_OVRINIB_ovratr,#defined(TOPPERS_SUPPORT_OVRHDR),,"offsetof(OVRINIB,ovratr)"
offsetof_OVRINIB_ovrhdr,#defined(TOPPERS_SUPPORT_OVRHDR),,"offsetof(OVRINIB,ovrhdr)"
sizeof_INHINIB,#!defined(OMIT_INITIALIZE_INTERRUPT),,sizeof(INHINIB)
offset_INHINIB_inhno,#!defined(OMIT_INITIALIZE_INTERRUPT),,"offsetof(INHINIB,inhno)"
offset_INHINIB_inhatr,#!defined(OMIT_INITIALIZE_INTERRUPT),,"offsetof(INHINIB,inhatr)"
offset_INHINIB_int_entry,#!defined(OMIT_INITIALIZE_INTERRUPT),,"offsetof(INHINIB,int_entry)"
sizeof_INTINIB,#!defined(OMIT_INITIALIZE_INTERRUPT),,sizeof(INTINIB)
offset_INTINIB_intno,#!defined(OMIT_INITIALIZE_INTERRUPT),,"offsetof(INTINIB,intno)"
offset_INTINIB_intatr,#!defined(OMIT_INITIALIZE_INTERRUPT),,"offsetof(INTINIB,intatr)"
offset_INTINIB_intpri,#!defined(OMIT_INITIALIZE_INTERRUPT),,"offsetof(INTINIB,intpri)"
sizeof_EXCINIB,#!defined(OMIT_INITIALIZE_EXCEPTION),,sizeof(EXCINIB)
offset_EXCINIB_excno,#!defined(OMIT_INITIALIZE_EXCEPTION),,"offsetof(EXCINIB,excno)"
offset_EXCINIB_excatr,#!defined(OMIT_INITIALIZE_EXCEPTION),,"offsetof(EXCINIB,excatr)"
offset_EXCINIB_exc_entry,#!defined(OMIT_INITIALIZE_EXCEPTION),,"offsetof(EXCINIB,exc_entry)"
sizeof_SVCINIB,sizeof(SVCINIB)
offsetof_SVCINIB_svcrtn,"offsetof(SVCINIB,svcrtn)"
offsetof_SVCINIB_stksz,"offsetof(SVCINIB,stksz)"
